ID,project_name,time,date_updated,date_created
0,aaa,0:00:06,09/04/2022 10:18:45,08/04/2022 19:38:14
1,bbb,0:00:01,09/04/2022 10:19:18,08/04/2022 19:39:12
2,ccc,0:00:01,09/04/2022 09:48:41,09/04/2022 09:43:13
3,ddd,0:00:00,09/04/2022 09:43:36,09/04/2022 09:43:36
4,fff,0:00:00,09/04/2022 10:15:15,09/04/2022 10:15:15
5,z,0:00:00,09/04/2022 10:16:10,09/04/2022 10:16:10
6,d,0:00:00,09/04/2022 10:16:18,09/04/2022 10:16:18
7,of,0:00:03,09/04/2022 10:16:56,09/04/2022 10:16:37
8,g,0:00:00,09/04/2022 10:17:44,09/04/2022 10:17:44
